Post #,Subreddit,Subreddit Size,Post Date,Post Time (ET),Title,Post URL,Upvotes (4h),Upvotes (24h),Upvotes (7d),Comments (4h),Comments (24h),Comments (7d),CWS Clicks,Installs,Top Comment,Sentiment,Status,Notes
1,r/NEXUS,12K,,,Conditional approval for 4 months story,,,,,,,,,,,,,Primary launch - peak engagement expected
2,r/GlobalEntry,8K,,,Finally got my Global Entry interview after 4 months,,,,,,,,,,,,,Primary launch - technical audience
3,r/PersonalFinanceCanada,900K,,,PSA: NEXUS appointments open randomly,,,,,,,,,,,,,HIGH VOLUME - ROI angle
4,r/ImmigrationCanada,150K,,,NEXUS appointment hack for US-Canada travelers,,,,,,,,,,,,,New PR audience - very relevant
5,r/travel,6M,,,Built a free tool to monitor Global Entry slots,,,,,,,,,,,,,MASSIVE REACH - keep non-promotional
6,r/NEXUS,12K,,,Update: 47 people got appointments in 7 days,,,,,,,,,,,,,Post 2-3 weeks after Post #1
7,r/GlobalEntry,8K,,,I analyzed 2847 Global Entry appointment openings,,,,,,,,,,,,,Data-driven post - high credibility
8,r/PersonalFinanceCanada,900K,,,NEXUS cost-benefit analysis: $2.27/hour,,,,,,,,,,,,,Finance angle - spreadsheet lovers
9,r/ImmigrationCanada,150K,,,Just got PR - is NEXUS worth it?,,,,,,,,,,,,,New PR focus - very targeted
10,r/travel,6M,,,Travel hack: Cut customs wait from 90min to 5min,,,,,,,,,,,,,Pro traveler angle

TOTALS,,,,,,,TARGET: 500+,,,TARGET: 50+,,TARGET: 50+,TARGET: 100+,,,90%+ positive/neutral,,

METRICS SUMMARY,,,,,,,,,,,,,,,,,,
Primary Goal,Status,Target,Actual,% of Target,,,,,,,,,,,,,
Combined Upvotes,PENDING,500+,0,0%,,,,,,,,,,,,,
Combined Comments,PENDING,50+,0,0%,,,,,,,,,,,,,
Referral Clicks,PENDING,50+,0,0%,,,,,,,,,,,,,
Chrome Web Store Installs,PENDING,100+,0,0%,,,,,,,,,,,,,
Positive Sentiment,PENDING,90%+,N/A,N/A,,,,,,,,,,,,,
Negative Incidents,PENDING,<2,0,GOOD,,,,,,,,,,,,,

DAILY LOG,,,,,,,,,,,,,,,,,,
Date,Activity,Time Spent,Upvotes Added,Comments Added,Installs Added,Notes,,,,,,,,,,,,
,,,,,,,,,,,,,,,,,,
,,,,,,,,,,,,,,,,,,
,,,,,,,,,,,,,,,,,,

UTM TRACKING (Google Analytics),,,,,,,,,,,,,,,,,,
UTM Content,Clicks,Installs,Conversion %,Top Traffic Hour,Best Day,,,,,,,,,,,,
r_nexus_story,,,,,,,,,,,,,,,,,
r_globalentry_success,,,,,,,,,,,,,,,,,
r_pfc_roi,,,,,,,,,,,,,,,,,
r_immigrationcanada,,,,,,,,,,,,,,,,,
r_travel_psa,,,,,,,,,,,,,,,,,
r_nexus_update,,,,,,,,,,,,,,,,,
r_globalentry_data,,,,,,,,,,,,,,,,,
r_pfc_analysis,,,,,,,,,,,,,,,,,
r_immigrationcanada_newpr,,,,,,,,,,,,,,,,,
r_travel_hack,,,,,,,,,,,,,,,,,

COMMENT SEEDING LOG,,,,,,,,,,,,,,,,,,
Date,Subreddit,Thread Title,Thread URL,Comment Posted,Upvotes,Replies,Conversions,Notes,,,,,,,,,,
,,,,,,,,,,,,,,,,,,
,,,,,,,,,,,,,,,,,,
,,,,,,,,,,,,,,,,,,

TESTIMONIALS COLLECTED,,,,,,,,,,,,,,,,,,
Date,Username,Subreddit,Comment,Upvotes,Screenshot?,Use for Landing Page?,,,,,,,,,,,,
,,,,,,,,,,,,,,,,,,
,,,,,,,,,,,,,,,,,,
,,,,,,,,,,,,,,,,,,

CRISIS LOG,,,,,,,,,,,,,,,,,,
Date,Issue Type,Subreddit,Description,Resolution,Impact,,,,,,,,,,,,
,,,,,,,,,,,,,,,,,,
,,,,,,,,,,,,,,,,,,
